{"products":[{"id":"0.9859609371706339","qty":2}],"totalPrice":26.97999999999997}